
insert into departamento (CODDEPTO,NOMEDEPTO) values ('INF01','Informática');
insert into departamento (CODDEPTO,NOMEDEPTO) values ('MED01','Medicina');
insert into departamento (CODDEPTO,NOMEDEPTO) values ('MAT01','Matemática');
insert into departamento (CODDEPTO,NOMEDEPTO) values ('FIS01','Física');

insert into predio (CODpredio,DESCRICAOpredio) values (43421,'Informática - laboratórios');
insert into predio (CODpredio,DESCRICAOpredio) values (43422,'Informática - administração');
insert into predio (CODpredio,DESCRICAOpredio) values (43423,'Informática - aulas');

insert into sala (CODpredio,NUMsala,DESCRICAOsala,CAPACIDADE) values (43421,101,'Laboratório Windows',30);
insert into sala (CODpredio,NUMsala,DESCRICAOsala,CAPACIDADE) values (43421,102,'Laboratório Redes',30);
insert into sala (CODpredio,NUMsala,DESCRICAOsala,CAPACIDADE) values (43421,103,'Laboratório Linux',30);
insert into sala (CODpredio,NUMsala,DESCRICAOsala,CAPACIDADE) values (43421,104,'Laboratório Windows',30);
insert into sala (CODpredio,NUMsala,DESCRICAOsala,CAPACIDADE) values (43421,105,'Laboratório Linux',30);
insert into sala (CODpredio,NUMsala,DESCRICAOsala,CAPACIDADE) values (43421,106,'Laboratório Hardware',30);
insert into sala (CODpredio,NUMsala,DESCRICAOsala,CAPACIDADE) values (43421,107,'Laboratório Automação',30);
insert into sala (CODpredio,NUMsala,DESCRICAOsala,CAPACIDADE) values (43422,101,'Secretaria geral',NULL);
insert into sala (CODpredio,NUMsala,DESCRICAOsala,CAPACIDADE) values (43422,102,'Secretaria graduação',NULL);
insert into sala (CODpredio,NUMsala,DESCRICAOsala,CAPACIDADE) values (43422,103,'Secretaria pós-graduação',NULL);
insert into sala (CODpredio,NUMsala,DESCRICAOsala,CAPACIDADE) values (43423,101,'Sala de aula comum',30);
insert into sala (CODpredio,NUMsala,DESCRICAOsala,CAPACIDADE) values (43423,102,'Sala de aula comum',30);
insert into sala (CODpredio,NUMsala,DESCRICAOsala,CAPACIDADE) values (43423,103,'Sala de aula comum',30);
insert into sala (CODpredio,NUMsala,DESCRICAOsala,CAPACIDADE) values (43423,104,'Sala de aula multimídia',30);
insert into sala (CODpredio,NUMsala,DESCRICAOsala,CAPACIDADE) values (43423,105,'Auditório',80);
insert into sala (CODpredio,NUMsala,DESCRICAOsala,CAPACIDADE) values (43423,106,'Sala de aula laboratório',30);
insert into sala (CODpredio,NUMsala,DESCRICAOsala,CAPACIDADE) values (43423,107,'Sala de aula laboratório',30);

insert into titulacao (CODTIT,NOMETIT) values (1,'Graduado');
insert into titulacao (CODTIT,NOMETIT) values (2,'Especialista');
insert into titulacao (CODTIT,NOMETIT) values (3,'Mestre');
insert into titulacao (CODTIT,NOMETIT) values (4,'Doutor');

insert into disciplina (CODDEPTO,NUMDISC,NOMEDISC,CREDITOSDISC) values ('MAT01',101,'Cálculo Diferencial',4);
insert into disciplina (CODDEPTO,NUMDISC,NOMEDISC,CREDITOSDISC) values ('MAT01',102,'Álgebra linear',4);
insert into disciplina (CODDEPTO,NUMDISC,NOMEDISC,CREDITOSDISC) values ('MAT01',103,'Geometria analítica',4);
insert into disciplina (CODDEPTO,NUMDISC,NOMEDISC,CREDITOSDISC) values ('INF01',101,'Programação FORTRAN',4);
insert into disciplina (CODDEPTO,NUMDISC,NOMEDISC,CREDITOSDISC) values ('INF01',102,'Algoritmos e programação',6);
insert into disciplina (CODDEPTO,NUMDISC,NOMEDISC,CREDITOSDISC) values ('INF01',103,'Estruturas de dados',4);
insert into disciplina (CODDEPTO,NUMDISC,NOMEDISC,CREDITOSDISC) values ('INF01',104,'Programação lógica',4);
insert into disciplina (CODDEPTO,NUMDISC,NOMEDISC,CREDITOSDISC) values ('INF01',105,'Teoria da commputação',4);
insert into disciplina (CODDEPTO,NUMDISC,NOMEDISC,CREDITOSDISC) values ('INF01',106,'Banco de dados',4);
insert into disciplina (CODDEPTO,NUMDISC,NOMEDISC,CREDITOSDISC) values ('INF01',107,'Linguagens formais',2);
insert into disciplina (CODDEPTO,NUMDISC,NOMEDISC,CREDITOSDISC) values ('INF01',108,'Compiladores',4);
insert into disciplina (CODDEPTO,NUMDISC,NOMEDISC,CREDITOSDISC) values ('INF01',109,'Classificação e pesquisa',6);

insert into prereq(CODDEPTO,NUMDISC,CODDEPTOprereq,NUMDISCprereq) values ('INF01',109,'INF01',107);
insert into prereq(CODDEPTO,NUMDISC,CODDEPTOprereq,NUMDISCprereq) values ('INF01',109,'INF01',108);
insert into prereq(CODDEPTO,NUMDISC,CODDEPTOprereq,NUMDISCprereq) values ('INF01',108,'INF01',106);
insert into prereq(CODDEPTO,NUMDISC,CODDEPTOprereq,NUMDISCprereq) values ('INF01',108,'INF01',105);
insert into prereq(CODDEPTO,NUMDISC,CODDEPTOprereq,NUMDISCprereq) values ('INF01',107,'INF01',104);
insert into prereq(CODDEPTO,NUMDISC,CODDEPTOprereq,NUMDISCprereq) values ('INF01',106,'INF01',104);
insert into prereq(CODDEPTO,NUMDISC,CODDEPTOprereq,NUMDISCprereq) values ('INF01',105,'INF01',104);
insert into prereq(CODDEPTO,NUMDISC,CODDEPTOprereq,NUMDISCprereq) values ('INF01',104,'INF01',102);
insert into prereq(CODDEPTO,NUMDISC,CODDEPTOprereq,NUMDISCprereq) values ('INF01',103,'INF01',102);
insert into prereq(CODDEPTO,NUMDISC,CODDEPTOprereq,NUMDISCprereq) values ('MAT01',103,'MAT01',101);

insert into turma (ANOSEM,CODDEPTO,NUMDISC,SIGLATUR,CAPACIDADE) values (932,'MAT01',101,'A',40);
insert into horario (ANOSEM,CODDEPTO,NUMDISC,SIGLATUR, DIASEM,HORAINICIO,CODpredio,NUMsala,NUMHORAS) values (932,'MAT01',101,'A',2,8,43423,101,2);
insert into horario (ANOSEM,CODDEPTO,NUMDISC,SIGLATUR, DIASEM,HORAINICIO,CODpredio,NUMsala,NUMHORAS) values (932,'MAT01',101,'A',4,8,43423,101,2);
insert into turma (ANOSEM,CODDEPTO,NUMDISC,SIGLATUR,CAPACIDADE) values (932,'MAT01',101,'B',40);
insert into horario (ANOSEM,CODDEPTO,NUMDISC,SIGLATUR, DIASEM,HORAINICIO,CODpredio,NUMsala,NUMHORAS) values (932,'MAT01',101,'B',2,10,43423,101,2);
insert into horario (ANOSEM,CODDEPTO,NUMDISC,SIGLATUR, DIASEM,HORAINICIO,CODpredio,NUMsala,NUMHORAS) values (932,'MAT01',101,'B',4,10,43423,101,2);
insert into turma (ANOSEM,CODDEPTO,NUMDISC,SIGLATUR,CAPACIDADE) values (932,'MAT01',101,'C',40);
insert into horario (ANOSEM,CODDEPTO,NUMDISC,SIGLATUR, DIASEM,HORAINICIO,CODpredio,NUMsala,NUMHORAS) values (932,'MAT01',101,'C',2,8,43423,102,2);
insert into horario (ANOSEM,CODDEPTO,NUMDISC,SIGLATUR, DIASEM,HORAINICIO,CODpredio,NUMsala,NUMHORAS) values (932,'MAT01',101,'C',4,8,43423,102,2);
insert into turma (ANOSEM,CODDEPTO,NUMDISC,SIGLATUR,CAPACIDADE) values (932,'INF01',101,'A',40);
insert into horario (ANOSEM,CODDEPTO,NUMDISC,SIGLATUR, DIASEM,HORAINICIO,CODpredio,NUMsala,NUMHORAS) values (932,'INF01',101,'A',2,8,43421,102,2);
insert into horario (ANOSEM,CODDEPTO,NUMDISC,SIGLATUR, DIASEM,HORAINICIO,CODpredio,NUMsala,NUMHORAS) values (932,'INF01',101,'A',4,8,43421,102,2);
insert into turma (ANOSEM,CODDEPTO,NUMDISC,SIGLATUR,CAPACIDADE) values (932,'INF01',101,'B',40);
insert into horario (ANOSEM,CODDEPTO,NUMDISC,SIGLATUR, DIASEM,HORAINICIO,CODpredio,NUMsala,NUMHORAS) values (932,'INF01',101,'B',2,18,43421,102,2);
insert into horario (ANOSEM,CODDEPTO,NUMDISC,SIGLATUR, DIASEM,HORAINICIO,CODpredio,NUMsala,NUMHORAS) values (932,'INF01',101,'B',4,18,43421,102,2);
insert into turma (ANOSEM,CODDEPTO,NUMDISC,SIGLATUR,CAPACIDADE) values (932,'INF01',102,'A',20);
insert into horario (ANOSEM,CODDEPTO,NUMDISC,SIGLATUR, DIASEM,HORAINICIO,CODpredio,NUMsala,NUMHORAS) values (932,'INF01',102,'A',2,8,43421,103,2);
insert into horario (ANOSEM,CODDEPTO,NUMDISC,SIGLATUR, DIASEM,HORAINICIO,CODpredio,NUMsala,NUMHORAS) values (932,'INF01',102,'A',4,8,43421,103,2);
insert into horario (ANOSEM,CODDEPTO,NUMDISC,SIGLATUR, DIASEM,HORAINICIO,CODpredio,NUMsala,NUMHORAS) values (932,'INF01',102,'A',6,8,43421,103,2);
insert into turma (ANOSEM,CODDEPTO,NUMDISC,SIGLATUR,CAPACIDADE) values (932,'INF01',102,'B',20);
insert into turma (ANOSEM,CODDEPTO,NUMDISC,SIGLATUR,CAPACIDADE) values (932,'INF01',102,'C',20);
insert into turma (ANOSEM,CODDEPTO,NUMDISC,SIGLATUR,CAPACIDADE) values (932,'INF01',103,'U',60);
insert into turma (ANOSEM,CODDEPTO,NUMDISC,SIGLATUR,CAPACIDADE) values (932,'INF01',104,'U',40);
insert into turma (ANOSEM,CODDEPTO,NUMDISC,SIGLATUR,CAPACIDADE) values (932,'INF01',105,'U',40);
insert into turma (ANOSEM,CODDEPTO,NUMDISC,SIGLATUR,CAPACIDADE) values (932,'INF01',106,'A',30);
insert into turma (ANOSEM,CODDEPTO,NUMDISC,SIGLATUR,CAPACIDADE) values (932,'INF01',106,'B',30);
insert into turma (ANOSEM,CODDEPTO,NUMDISC,SIGLATUR,CAPACIDADE) values (932,'INF01',107,'U',70);
insert into turma (ANOSEM,CODDEPTO,NUMDISC,SIGLATUR,CAPACIDADE) values (932,'INF01',108,'U',40);
insert into turma (ANOSEM,CODDEPTO,NUMDISC,SIGLATUR,CAPACIDADE) values (932,'INF01',109,'U',40);
insert into turma (ANOSEM,CODDEPTO,NUMDISC,SIGLATUR,CAPACIDADE) values (941,'MAT01',102,'A',40);
insert into turma (ANOSEM,CODDEPTO,NUMDISC,SIGLATUR,CAPACIDADE) values (941,'MAT01',102,'B',40);
insert into turma (ANOSEM,CODDEPTO,NUMDISC,SIGLATUR,CAPACIDADE) values (941,'MAT01',102,'C',40);
insert into turma (ANOSEM,CODDEPTO,NUMDISC,SIGLATUR,CAPACIDADE) values (941,'INF01',101,'U',20);
insert into turma (ANOSEM,CODDEPTO,NUMDISC,SIGLATUR,CAPACIDADE) values (941,'INF01',102,'A',20);
insert into turma (ANOSEM,CODDEPTO,NUMDISC,SIGLATUR,CAPACIDADE) values (941,'INF01',102,'B',20);
insert into turma (ANOSEM,CODDEPTO,NUMDISC,SIGLATUR,CAPACIDADE) values (941,'INF01',102,'C',20);
insert into turma (ANOSEM,CODDEPTO,NUMDISC,SIGLATUR,CAPACIDADE) values (941,'INF01',103,'U',60);
insert into turma (ANOSEM,CODDEPTO,NUMDISC,SIGLATUR,CAPACIDADE) values (941,'INF01',104,'U',40);
insert into turma (ANOSEM,CODDEPTO,NUMDISC,SIGLATUR,CAPACIDADE) values (941,'INF01',105,'U',40);
insert into turma (ANOSEM,CODDEPTO,NUMDISC,SIGLATUR,CAPACIDADE) values (941,'INF01',106,'U',70);
insert into turma (ANOSEM,CODDEPTO,NUMDISC,SIGLATUR,CAPACIDADE) values (941,'INF01',107,'A',30);
insert into turma (ANOSEM,CODDEPTO,NUMDISC,SIGLATUR,CAPACIDADE) values (941,'INF01',107,'B',40);
insert into turma (ANOSEM,CODDEPTO,NUMDISC,SIGLATUR,CAPACIDADE) values (941,'INF01',109,'U',40);
insert into professor (CODPROF,CODDEPTO,CODTIT,NOMEPROF) values (1,'INF01',4,'Heuser');
insert into professor (CODPROF,CODDEPTO,CODTIT,NOMEPROF) values (2,'INF01',4,'Antunes');
insert into professor (CODPROF,CODDEPTO,CODTIT,NOMEPROF) values (3,'INF01',4,'Macedo');
insert into professor (CODPROF,CODDEPTO,CODTIT,NOMEPROF) values (4,'INF01',NULL,'Machado');
insert into professor (CODPROF,CODDEPTO,CODTIT,NOMEPROF) values (5,'INF01',3,'Tavares');
insert into professor (CODPROF,CODDEPTO,CODTIT,NOMEPROF) values (6,'INF01',3,'Pereira');
insert into professor (CODPROF,CODDEPTO,CODTIT,NOMEPROF) values (7,'MAT01',4,'Álvares');
insert into professor (CODPROF,CODDEPTO,CODTIT,NOMEPROF) values (8,'MAT01',4,'Silva');
insert into professor (CODPROF,CODDEPTO,CODTIT,NOMEPROF) values (9,'MAT01',NULL,'Souza');
insert into professor_turma(ANOSEM,CODDEPTO,NUMDISC,SIGLATUR,CODPROF) values (932,'MAT01',101,'A',2);
insert into professor_turma(ANOSEM,CODDEPTO,NUMDISC,SIGLATUR,CODPROF) values (932,'MAT01',101,'B',7);
insert into professor_turma(ANOSEM,CODDEPTO,NUMDISC,SIGLATUR,CODPROF) values (932,'MAT01',101,'C',8);
insert into professor_turma(ANOSEM,CODDEPTO,NUMDISC,SIGLATUR,CODPROF) values (932,'INF01',101,'A',4);
insert into professor_turma(ANOSEM,CODDEPTO,NUMDISC,SIGLATUR,CODPROF) values (932,'INF01',101,'A',5);
insert into professor_turma(ANOSEM,CODDEPTO,NUMDISC,SIGLATUR,CODPROF) values (932,'INF01',101,'B',1);
insert into professor_turma(ANOSEM,CODDEPTO,NUMDISC,SIGLATUR,CODPROF) values (932,'INF01',102,'A',2);
insert into professor_turma(ANOSEM,CODDEPTO,NUMDISC,SIGLATUR,CODPROF) values (932,'INF01',102,'B',3);
insert into professor_turma(ANOSEM,CODDEPTO,NUMDISC,SIGLATUR,CODPROF) values (932,'INF01',102,'C',6);
insert into professor_turma(ANOSEM,CODDEPTO,NUMDISC,SIGLATUR,CODPROF) values (932,'INF01',102,'C',5);
insert into professor_turma(ANOSEM,CODDEPTO,NUMDISC,SIGLATUR,CODPROF) values (932,'INF01',103,'U',7);
insert into professor_turma(ANOSEM,CODDEPTO,NUMDISC,SIGLATUR,CODPROF) values (932,'INF01',104,'U',4);
insert into professor_turma(ANOSEM,CODDEPTO,NUMDISC,SIGLATUR,CODPROF) values (932,'INF01',105,'U',2);
insert into professor_turma(ANOSEM,CODDEPTO,NUMDISC,SIGLATUR,CODPROF) values (932,'INF01',106,'A',3);
insert into professor_turma(ANOSEM,CODDEPTO,NUMDISC,SIGLATUR,CODPROF) values (932,'INF01',106,'B',6);
insert into professor_turma(ANOSEM,CODDEPTO,NUMDISC,SIGLATUR,CODPROF) values (932,'INF01',107,'U',5);
insert into professor_turma(ANOSEM,CODDEPTO,NUMDISC,SIGLATUR,CODPROF) values (932,'INF01',108,'U',4);
insert into professor_turma(ANOSEM,CODDEPTO,NUMDISC,SIGLATUR,CODPROF) values (932,'INF01',109,'U',5);
insert into professor_turma(ANOSEM,CODDEPTO,NUMDISC,SIGLATUR,CODPROF) values (941,'MAT01',102,'A',3);
insert into professor_turma(ANOSEM,CODDEPTO,NUMDISC,SIGLATUR,CODPROF) values (941,'MAT01',102,'B',6);
insert into professor_turma(ANOSEM,CODDEPTO,NUMDISC,SIGLATUR,CODPROF) values (941,'MAT01',102,'C',5);
insert into professor_turma(ANOSEM,CODDEPTO,NUMDISC,SIGLATUR,CODPROF) values (941,'INF01',101,'U',2);
insert into professor_turma(ANOSEM,CODDEPTO,NUMDISC,SIGLATUR,CODPROF) values (941,'INF01',102,'A',6);
insert into professor_turma(ANOSEM,CODDEPTO,NUMDISC,SIGLATUR,CODPROF) values (941,'INF01',102,'B',1);
insert into professor_turma(ANOSEM,CODDEPTO,NUMDISC,SIGLATUR,CODPROF) values (941,'INF01',102,'C',2);
insert into professor_turma(ANOSEM,CODDEPTO,NUMDISC,SIGLATUR,CODPROF) values (941,'INF01',103,'U',3);
insert into professor_turma(ANOSEM,CODDEPTO,NUMDISC,SIGLATUR,CODPROF) values (941,'INF01',104,'U',2);
insert into professor_turma(ANOSEM,CODDEPTO,NUMDISC,SIGLATUR,CODPROF) values (941,'INF01',105,'U',1);
insert into professor_turma(ANOSEM,CODDEPTO,NUMDISC,SIGLATUR,CODPROF) values (941,'INF01',106,'U',6);
insert into professor_turma(ANOSEM,CODDEPTO,NUMDISC,SIGLATUR,CODPROF) values (941,'INF01',107,'A',3);
insert into professor_turma(ANOSEM,CODDEPTO,NUMDISC,SIGLATUR,CODPROF) values (941,'INF01',107,'B',4);
insert into professor_turma(ANOSEM,CODDEPTO,NUMDISC,SIGLATUR,CODPROF) values (941,'INF01',109,'U',3);
